RUN_ID	SAMPLE_ID	EXPERIMENTID	SAMPLE_TYPE	SAMPLESOURCE	SAMPLECLASS	BIOLOGICAL_SEX	TUM_NRM_SAMPLEID_MATCH	LIB_PREP	SEQ_VENDOR	SEQ_PLATFORM	LANE	SEQBC_ID	PATH_TO_CONCORDANCE_DATA_DIR	ULTIMA_CRAM	ULTIMA_CRAM_ALIGNER	ULTIMA_CRAM_SNV_CALLER	STAGE_DIRECTIVE	STAGE_TARGET	SUBSAMPLE_PCT	SAMPLEUSE	BWA_KMER	DEEP_MODEL	IS_POS_CTRL	IS_NEG_CTRL	N_X	N_Y	EXTERNAL_SAMPLE_ID
602221-20260417_2346	S10_B-Z0310-CATGACAGTAATGAT	prod-cram	gdna	unknown	research	unknown	na	PF	UG	ULTIMA	1	CATGACAGTAATGAT	na	s3://lsmc-ssf-sequencing-data/basecalls/lsmc/ssf-hq/RUN602221/2026/602221-20260417_2346/602221-S10_B-Z0310-CATGACAGTAATGAT/602221-S10_B-Z0310-CATGACAGTAATGAT.cram	ug	ug	stage_data	/data/staged_sample_data	na	prod	19	WGS	false	false	na	na	S10_B-Z0310-CATGACAGTAATGAT
602221-20260417_2346	S12a_B-Z0311-CATGCAATCACATCGAT	prod-cram	gdna	unknown	research	unknown	na	PF	UG	ULTIMA	2	CATGCAATCACATCGAT	na	s3://lsmc-ssf-sequencing-data/basecalls/lsmc/ssf-hq/RUN602221/2026/602221-20260417_2346/602221-S12a_B-Z0311-CATGCAATCACATCGAT/602221-S12a_B-Z0311-CATGCAATCACATCGAT.cram	ug	ug	stage_data	/data/staged_sample_data	na	prod	19	WGS	false	false	na	na	S12a_B-Z0311-CATGCAATCACATCGAT
602221-20260417_2346	S12b_B-Z0318-CAAGACATCAGAGAT	prod-cram	gdna	unknown	research	unknown	na	PF	UG	ULTIMA	3	CAAGACATCAGAGAT	na	s3://lsmc-ssf-sequencing-data/basecalls/lsmc/ssf-hq/RUN602221/2026/602221-20260417_2346/602221-S12b_B-Z0318-CAAGACATCAGAGAT/602221-S12b_B-Z0318-CAAGACATCAGAGAT.cram	ug	ug	stage_data	/data/staged_sample_data	na	prod	19	WGS	false	false	na	na	S12b_B-Z0318-CAAGACATCAGAGAT
602221-20260417_2346	S13_B-Z0312-CAGTTGATACATGAT	prod-cram	gdna	unknown	research	unknown	na	PF	UG	ULTIMA	4	CAGTTGATACATGAT	na	s3://lsmc-ssf-sequencing-data/basecalls/lsmc/ssf-hq/RUN602221/2026/602221-20260417_2346/602221-S13_B-Z0312-CAGTTGATACATGAT/602221-S13_B-Z0312-CAGTTGATACATGAT.cram	ug	ug	stage_data	/data/staged_sample_data	na	prod	19	WGS	false	false	na	na	S13_B-Z0312-CAGTTGATACATGAT
602221-20260417_2346	S14_B-Z0313-CTGTGACATAATGAT	prod-cram	gdna	unknown	research	unknown	na	PF	UG	ULTIMA	5	CTGTGACATAATGAT	na	s3://lsmc-ssf-sequencing-data/basecalls/lsmc/ssf-hq/RUN602221/2026/602221-20260417_2346/602221-S14_B-Z0313-CTGTGACATAATGAT/602221-S14_B-Z0313-CTGTGACATAATGAT.cram	ug	ug	stage_data	/data/staged_sample_data	na	prod	19	WGS	false	false	na	na	S14_B-Z0313-CTGTGACATAATGAT
602221-20260417_2346	S15_B-Z0314-CATAGTGCTGCAATGAT	prod-cram	gdna	unknown	research	unknown	na	PF	UG	ULTIMA	6	CATAGTGCTGCAATGAT	na	s3://lsmc-ssf-sequencing-data/basecalls/lsmc/ssf-hq/RUN602221/2026/602221-20260417_2346/602221-S15_B-Z0314-CATAGTGCTGCAATGAT/602221-S15_B-Z0314-CATAGTGCTGCAATGAT.cram	ug	ug	stage_data	/data/staged_sample_data	na	prod	19	WGS	false	false	na	na	S15_B-Z0314-CATAGTGCTGCAATGAT
602221-20260417_2346	S16_B-Z0315-CACGAGCGCAATGAT	prod-cram	gdna	unknown	research	unknown	na	PF	UG	ULTIMA	7	CACGAGCGCAATGAT	na	s3://lsmc-ssf-sequencing-data/basecalls/lsmc/ssf-hq/RUN602221/2026/602221-20260417_2346/602221-S16_B-Z0315-CACGAGCGCAATGAT/602221-S16_B-Z0315-CACGAGCGCAATGAT.cram	ug	ug	stage_data	/data/staged_sample_data	na	prod	19	WGS	false	false	na	na	S16_B-Z0315-CACGAGCGCAATGAT
602221-20260417_2346	S17_B-Z0309-CGCTCAACATGCGAT	prod-cram	gdna	unknown	research	unknown	na	PF	UG	ULTIMA	8	CGCTCAACATGCGAT	na	s3://lsmc-ssf-sequencing-data/basecalls/lsmc/ssf-hq/RUN602221/2026/602221-20260417_2346/602221-S17_B-Z0309-CGCTCAACATGCGAT/602221-S17_B-Z0309-CGCTCAACATGCGAT.cram	ug	ug	stage_data	/data/staged_sample_data	na	prod	19	WGS	false	false	na	na	S17_B-Z0309-CGCTCAACATGCGAT
602221-20260417_2346	S18_B-Z0307-CAGAAGAGATATGAT	prod-cram	gdna	unknown	research	unknown	na	PF	UG	ULTIMA	9	CAGAAGAGATATGAT	na	s3://lsmc-ssf-sequencing-data/basecalls/lsmc/ssf-hq/RUN602221/2026/602221-20260417_2346/602221-S18_B-Z0307-CAGAAGAGATATGAT/602221-S18_B-Z0307-CAGAAGAGATATGAT.cram	ug	ug	stage_data	/data/staged_sample_data	na	prod	19	WGS	false	false	na	na	S18_B-Z0307-CAGAAGAGATATGAT
602221-20260417_2346	S20_B-Z0316-CACAATGCAGATGTGAT	prod-cram	gdna	unknown	research	unknown	na	PF	UG	ULTIMA	10	CACAATGCAGATGTGAT	na	s3://lsmc-ssf-sequencing-data/basecalls/lsmc/ssf-hq/RUN602221/2026/602221-20260417_2346/602221-S20_B-Z0316-CACAATGCAGATGTGAT/602221-S20_B-Z0316-CACAATGCAGATGTGAT.cram	ug	ug	stage_data	/data/staged_sample_data	na	prod	19	WGS	false	false	na	na	S20_B-Z0316-CACAATGCAGATGTGAT
602221-20260417_2346	S21_B-Z0317-CTGCGCAGCATCCTGAT	prod-cram	gdna	unknown	research	unknown	na	PF	UG	ULTIMA	11	CTGCGCAGCATCCTGAT	na	s3://lsmc-ssf-sequencing-data/basecalls/lsmc/ssf-hq/RUN602221/2026/602221-20260417_2346/602221-S21_B-Z0317-CTGCGCAGCATCCTGAT/602221-S21_B-Z0317-CTGCGCAGCATCCTGAT.cram	ug	ug	stage_data	/data/staged_sample_data	na	prod	19	WGS	false	false	na	na	S21_B-Z0317-CTGCGCAGCATCCTGAT
602221-20260417_2346	S2a_B-Z0319-CATGCTTGTGTCATGAT	prod-cram	gdna	unknown	research	unknown	na	PF	UG	ULTIMA	12	CATGCTTGTGTCATGAT	na	s3://lsmc-ssf-sequencing-data/basecalls/lsmc/ssf-hq/RUN602221/2026/602221-20260417_2346/602221-S2a_B-Z0319-CATGCTTGTGTCATGAT/602221-S2a_B-Z0319-CATGCTTGTGTCATGAT.cram	ug	ug	stage_data	/data/staged_sample_data	na	prod	19	WGS	false	false	na	na	S2a_B-Z0319-CATGCTTGTGTCATGAT
602221-20260417_2346	S2b_B-Z0320-CAGTGCGACAATGAT	prod-cram	gdna	unknown	research	unknown	na	PF	UG	ULTIMA	13	CAGTGCGACAATGAT	na	s3://lsmc-ssf-sequencing-data/basecalls/lsmc/ssf-hq/RUN602221/2026/602221-20260417_2346/602221-S2b_B-Z0320-CAGTGCGACAATGAT/602221-S2b_B-Z0320-CAGTGCGACAATGAT.cram	ug	ug	stage_data	/data/staged_sample_data	na	prod	19	WGS	false	false	na	na	S2b_B-Z0320-CAGTGCGACAATGAT
602221-20260417_2346	S5_B-Z0305-CACACACAACATGAT	prod-cram	gdna	unknown	research	unknown	na	PF	UG	ULTIMA	14	CACACACAACATGAT	na	s3://lsmc-ssf-sequencing-data/basecalls/lsmc/ssf-hq/RUN602221/2026/602221-20260417_2346/602221-S5_B-Z0305-CACACACAACATGAT/602221-S5_B-Z0305-CACACACAACATGAT.cram	ug	ug	stage_data	/data/staged_sample_data	na	prod	19	WGS	false	false	na	na	S5_B-Z0305-CACACACAACATGAT
602221-20260417_2346	S6_B-Z0306-CTTACATGTCATGAT	prod-cram	gdna	unknown	research	unknown	na	PF	UG	ULTIMA	15	CTTACATGTCATGAT	na	s3://lsmc-ssf-sequencing-data/basecalls/lsmc/ssf-hq/RUN602221/2026/602221-20260417_2346/602221-S6_B-Z0306-CTTACATGTCATGAT/602221-S6_B-Z0306-CTTACATGTCATGAT.cram	ug	ug	stage_data	/data/staged_sample_data	na	prod	19	WGS	false	false	na	na	S6_B-Z0306-CTTACATGTCATGAT
602221-20260417_2346	S8_B-Z0308-CAGAGCGCCGCAGAT	prod-cram	gdna	unknown	research	unknown	na	PF	UG	ULTIMA	16	CAGAGCGCCGCAGAT	na	s3://lsmc-ssf-sequencing-data/basecalls/lsmc/ssf-hq/RUN602221/2026/602221-20260417_2346/602221-S8_B-Z0308-CAGAGCGCCGCAGAT/602221-S8_B-Z0308-CAGAGCGCCGCAGAT.cram	ug	ug	stage_data	/data/staged_sample_data	na	prod	19	WGS	false	false	na	na	S8_B-Z0308-CAGAGCGCCGCAGAT
