RUNID	SAMPLEID	EXPERIMENTID	LANEID	BARCODEID	LIBPREP	SEQ_VENDOR	SEQ_PLATFORM	ILMN_R1_PATH	ILMN_R2_PATH	PACBIO_R1_PATH	PACBIO_R2_PATH	ONT_R1_PATH	ONT_R2_PATH	UG_R1_PATH	UG_R2_PATH	SUBSAMPLE_PCT	ILMN_TRIM_READ_LENGTH	SAMPLEUSE	BWA_KMER	DEEP_MODEL	ULTIMA_CRAM	ULTIMA_CRAM_ALIGNER	ULTIMA_CRAM_SNV_CALLER	ONT_CRAM	ONT_CRAM_ALIGNER	ONT_CRAM_SNV_CALLER	PB_BAM	PB_BAM_ALIGNER	PB_BAM_SNV_CALLER	ROCHE_BAM	ROCHE_BAM_ALIGNER	ROCHE_BAM_SNV_CALLER	ROCHE_DOWNSAMPLE_RATIO	LONGREADTRIM_READ_LENGTH	LONGREADTRIM_MODE	ULTIMA_SUBSAMPLE_PCT	ONT_SUBSAMPLE_PCT	ONT_BAM	ONT_BAM_ALIGNER	ONT_BAM_SNV_CALLER
505064-20260331-2020	L11088-Z0865-CTGCAGAGGCAGAGAT	prod-cram	1	CTGCAGAGGCAGAGAT	PF	UG	ULTIMA									na		prod	19	WGS	/fsx/data/staged_sample_data/remote_stage_20260425T000658Z/505064-20260331-2020_L11088-Z0865-CTGCAGAGGCAGAGAT-ULTIMA-PF-gdna-prod-cram_CTGCAGAGGCAGAGAT_0/505064-L11088-Z0865-CTGCAGAGGCAGAGAT.cram	ug	ug																	
505064-20260331-2020	L11089-Z0866-CGGCAGTGCATGTGAT	prod-cram	2	CGGCAGTGCATGTGAT	PF	UG	ULTIMA									na		prod	19	WGS	/fsx/data/staged_sample_data/remote_stage_20260425T000658Z/505064-20260331-2020_L11089-Z0866-CGGCAGTGCATGTGAT-ULTIMA-PF-gdna-prod-cram_CGGCAGTGCATGTGAT_0/505064-L11089-Z0866-CGGCAGTGCATGTGAT.cram	ug	ug																	
505064-20260331-2020	L11090-Z0867-CTCATGGCATGAGCAGAT	prod-cram	3	CTCATGGCATGAGCAGAT	PF	UG	ULTIMA									na		prod	19	WGS	/fsx/data/staged_sample_data/remote_stage_20260425T000658Z/505064-20260331-2020_L11090-Z0867-CTCATGGCATGAGCAGAT-ULTIMA-PF-gdna-prod-cram_CTCATGGCATGAGCAGAT_0/505064-L11090-Z0867-CTCATGGCATGAGCAGAT.cram	ug	ug																	
505064-20260331-2020	L11091-Z0868-CATGAGTCAGATTGAT	prod-cram	4	CATGAGTCAGATTGAT	PF	UG	ULTIMA									na		prod	19	WGS	/fsx/data/staged_sample_data/remote_stage_20260425T000658Z/505064-20260331-2020_L11091-Z0868-CATGAGTCAGATTGAT-ULTIMA-PF-gdna-prod-cram_CATGAGTCAGATTGAT_0/505064-L11091-Z0868-CATGAGTCAGATTGAT.cram	ug	ug																	
505064-20260331-2020	L11092-Z0869-CAAGCATCTCAGTGAT	prod-cram	5	CAAGCATCTCAGTGAT	PF	UG	ULTIMA									na		prod	19	WGS	/fsx/data/staged_sample_data/remote_stage_20260425T000658Z/505064-20260331-2020_L11092-Z0869-CAAGCATCTCAGTGAT-ULTIMA-PF-gdna-prod-cram_CAAGCATCTCAGTGAT_0/505064-L11092-Z0869-CAAGCATCTCAGTGAT.cram	ug	ug																	
505064-20260331-2020	L11093-Z0870-CATCATCAAGCACATGAT	prod-cram	6	CATCATCAAGCACATGAT	PF	UG	ULTIMA									na		prod	19	WGS	/fsx/data/staged_sample_data/remote_stage_20260425T000658Z/505064-20260331-2020_L11093-Z0870-CATCATCAAGCACATGAT-ULTIMA-PF-gdna-prod-cram_CATCATCAAGCACATGAT_0/505064-L11093-Z0870-CATCATCAAGCACATGAT.cram	ug	ug																	
505064-20260331-2020	L11094-Z0871-CTTAGCGCATCGAT	prod-cram	7	CTTAGCGCATCGAT	PF	UG	ULTIMA									na		prod	19	WGS	/fsx/data/staged_sample_data/remote_stage_20260425T000658Z/505064-20260331-2020_L11094-Z0871-CTTAGCGCATCGAT-ULTIMA-PF-gdna-prod-cram_CTTAGCGCATCGAT_0/505064-L11094-Z0871-CTTAGCGCATCGAT.cram	ug	ug																	
505064-20260331-2020	L11095-Z0872-CACAATGCGCTGTGAT	prod-cram	8	CACAATGCGCTGTGAT	PF	UG	ULTIMA									na		prod	19	WGS	/fsx/data/staged_sample_data/remote_stage_20260425T000658Z/505064-20260331-2020_L11095-Z0872-CACAATGCGCTGTGAT-ULTIMA-PF-gdna-prod-cram_CACAATGCGCTGTGAT_0/505064-L11095-Z0872-CACAATGCGCTGTGAT.cram	ug	ug																	
505064-20260331-2020	L11096-Z0873-CAATATGCGATCAGAT	prod-cram	9	CAATATGCGATCAGAT	PF	UG	ULTIMA									na		prod	19	WGS	/fsx/data/staged_sample_data/remote_stage_20260425T000658Z/505064-20260331-2020_L11096-Z0873-CAATATGCGATCAGAT-ULTIMA-PF-gdna-prod-cram_CAATATGCGATCAGAT_0/505064-L11096-Z0873-CAATATGCGATCAGAT.cram	ug	ug																	
505064-20260331-2020	L11097-Z0874-CTTACATGTGCGAT	prod-cram	10	CTTACATGTGCGAT	PF	UG	ULTIMA									na		prod	19	WGS	/fsx/data/staged_sample_data/remote_stage_20260425T000658Z/505064-20260331-2020_L11097-Z0874-CTTACATGTGCGAT-ULTIMA-PF-gdna-prod-cram_CTTACATGTGCGAT_0/505064-L11097-Z0874-CTTACATGTGCGAT.cram	ug	ug																	
505064-20260331-2020	L11098-Z0875-CTGTGTGCCTGCAGAT	prod-cram	11	CTGTGTGCCTGCAGAT	PF	UG	ULTIMA									na		prod	19	WGS	/fsx/data/staged_sample_data/remote_stage_20260425T000658Z/505064-20260331-2020_L11098-Z0875-CTGTGTGCCTGCAGAT-ULTIMA-PF-gdna-prod-cram_CTGTGTGCCTGCAGAT_0/505064-L11098-Z0875-CTGTGTGCCTGCAGAT.cram	ug	ug																	
505064-20260331-2020	L11099-Z0876-CAATGCTGCTCATGCGAT	prod-cram	12	CAATGCTGCTCATGCGAT	PF	UG	ULTIMA									na		prod	19	WGS	/fsx/data/staged_sample_data/remote_stage_20260425T000658Z/505064-20260331-2020_L11099-Z0876-CAATGCTGCTCATGCGAT-ULTIMA-PF-gdna-prod-cram_CAATGCTGCTCATGCGAT_0/505064-L11099-Z0876-CAATGCTGCTCATGCGAT.cram	ug	ug																	
505064-20260331-2020	L11100-Z0877-CGATCTCATCATTGAT	prod-cram	13	CGATCTCATCATTGAT	PF	UG	ULTIMA									na		prod	19	WGS	/fsx/data/staged_sample_data/remote_stage_20260425T000658Z/505064-20260331-2020_L11100-Z0877-CGATCTCATCATTGAT-ULTIMA-PF-gdna-prod-cram_CGATCTCATCATTGAT_0/505064-L11100-Z0877-CGATCTCATCATTGAT.cram	ug	ug																	
505064-20260331-2020	L11101-Z0878-CAATCAGATGCTAGAT	prod-cram	14	CAATCAGATGCTAGAT	PF	UG	ULTIMA									na		prod	19	WGS	/fsx/data/staged_sample_data/remote_stage_20260425T000658Z/505064-20260331-2020_L11101-Z0878-CAATCAGATGCTAGAT-ULTIMA-PF-gdna-prod-cram_CAATCAGATGCTAGAT_0/505064-L11101-Z0878-CAATCAGATGCTAGAT.cram	ug	ug																	
505064-20260331-2020	L11102-Z0879-CAAGAGTGATAGAT	prod-cram	15	CAAGAGTGATAGAT	PF	UG	ULTIMA									na		prod	19	WGS	/fsx/data/staged_sample_data/remote_stage_20260425T000658Z/505064-20260331-2020_L11102-Z0879-CAAGAGTGATAGAT-ULTIMA-PF-gdna-prod-cram_CAAGAGTGATAGAT_0/505064-L11102-Z0879-CAAGAGTGATAGAT.cram	ug	ug																	
505064-20260331-2020	L11103-Z0880-CTTGCGTCATCATGAT	prod-cram	16	CTTGCGTCATCATGAT	PF	UG	ULTIMA									na		prod	19	WGS	/fsx/data/staged_sample_data/remote_stage_20260425T000658Z/505064-20260331-2020_L11103-Z0880-CTTGCGTCATCATGAT-ULTIMA-PF-gdna-prod-cram_CTTGCGTCATCATGAT_0/505064-L11103-Z0880-CTTGCGTCATCATGAT.cram	ug	ug																	
